{"regions":[{"endPos":4,"visible":true,"pos":0,"name":"","index":1,"color":33489151},{"endPos":10,"visible":true,"pos":4,"name":"","index":2,"color":33554176},{"endPos":12,"visible":true,"pos":10,"name":"","index":3,"color":33521664},{"endPos":15.625,"visible":true,"pos":12.375,"name":"","index":4,"color":0},{"endPos":20.25,"visible":true,"pos":17.125,"name":"","index":5,"color":0},{"endPos":34,"visible":true,"pos":21,"name":"","index":6,"color":0},{"endPos":67.5,"visible":true,"pos":36,"name":"","index":7,"color":0},{"endPos":135,"visible":true,"pos":80,"name":"","index":8,"color":0},{"endPos":228,"visible":true,"pos":181,"name":"","index":9,"color":0}],"markers":[{"visible":true,"pos":2,"name":"Reaper","index":1,"color":16842496},{"visible":true,"pos":4,"name":"Is","index":2,"color":16810239},{"visible":true,"pos":8,"name":"The","index":3,"color":33489024},{"visible":true,"pos":11,"name":"Best","index":4,"color":25231359},{"visible":true,"pos":28.5,"name":"","index":5,"color":0},{"visible":true,"pos":38,"name":"","index":6,"color":0},{"visible":true,"pos":50,"name":"","index":7,"color":0},{"visible":true,"pos":57.5,"name":"","index":8,"color":0},{"visible":true,"pos":65,"name":"","index":9,"color":0},{"visible":true,"pos":74,"name":"","index":10,"color":0},{"visible":true,"pos":93,"name":"","index":11,"color":0},{"visible":true,"pos":132,"name":"","index":12,"color":0},{"visible":true,"pos":155,"name":"","index":13,"color":0}]}