{"markers":[{"index":1,"visible":true,"color":16842496,"name":"Reaper","pos":2},{"index":2,"visible":true,"color":16810239,"name":"Is","pos":4},{"index":3,"visible":true,"color":33489024,"name":"The","pos":8},{"index":4,"visible":true,"color":25231359,"name":"Best","pos":11}],"regions":[{"endPos":4,"index":1,"visible":true,"color":33489151,"name":"","pos":0},{"endPos":10,"index":2,"visible":true,"color":33554176,"name":"","pos":4},{"endPos":12,"index":3,"visible":true,"color":33521664,"name":"","pos":10}]}